Name,Time,Date,Status
SWAYAM(ME),02:55:40,11/01/2025,Late
SWAYAM(ME),02:55:41,11/01/2025,Late
SWAYAM(ME),02:55:42,11/01/2025,Late
SWAYAM(ME),02:55:43,11/01/2025,Late
SWAYAM(ME),02:55:43,11/01/2025,Late
SWAYAM(ME),02:55:44,11/01/2025,Late
SWAYAM(ME),02:55:45,11/01/2025,Late
SWAYAM(ME),02:55:46,11/01/2025,Late
SWAYAM(ME),02:55:47,11/01/2025,Late
SWAYAM(ME),02:55:49,11/01/2025,Late
SWAYAM(ME),02:55:50,11/01/2025,Late
SWAYAM(ME),02:55:51,11/01/2025,Late
SWAYAM(ME),02:55:51,11/01/2025,Late
SWAYAM(ME),02:55:52,11/01/2025,Late
SWAYAM(ME),02:55:53,11/01/2025,Late
SWAYAM(ME),02:55:53,11/01/2025,Late
SWAYAM(ME),02:55:54,11/01/2025,Late
RAHUL GANDHI,02:55:59,11/01/2025,Late
RAHUL GANDHI,02:55:59,11/01/2025,Late
RAHUL GANDHI,02:56:00,11/01/2025,Late
SWAYAM(ME),02:56:00,11/01/2025,Late
SWAYAM(ME),02:56:03,11/01/2025,Late
NARENDRA-MODI,02:56:03,11/01/2025,Late
NARENDRA-MODI,02:56:05,11/01/2025,Late
NARENDRA-MODI,02:56:06,11/01/2025,Late
NARENDRA-MODI,02:56:06,11/01/2025,Late
SWAYAM(ME),02:56:07,11/01/2025,Late
SWAYAM(ME),02:56:08,11/01/2025,Late
SWAYAM(ME),02:56:09,11/01/2025,Late
SWAYAM(ME),02:56:10,11/01/2025,Late
SWAYAM(ME),02:56:13,11/01/2025,Late
SWAYAM(ME),02:56:14,11/01/2025,Late
SWAYAM(ME),02:56:15,11/01/2025,Late
SWAYAM(ME),03:03:07,11/01/2025,Late
SWAYAM(ME),03:03:07,11/01/2025,Late
SWAYAM(ME),03:03:08,11/01/2025,Late
SWAYAM(ME),03:03:09,11/01/2025,Late
SWAYAM(ME),03:03:09,11/01/2025,Late
SWAYAM(ME),03:05:31,11/01/2025,Late
SWAYAM(ME),03:05:32,11/01/2025,Late
SWAYAM(ME),03:05:34,11/01/2025,Late
SWAYAM(ME),03:05:34,11/01/2025,Late
SWAYAM(ME),03:05:35,11/01/2025,Late
SWAYAM(ME),03:05:41,11/01/2025,Late
SWAYAM(ME),03:05:42,11/01/2025,Late
SWAYAM(ME),03:05:42,11/01/2025,Late
SWAYAM(ME),03:05:43,11/01/2025,Late
SWAYAM(ME),03:05:43,11/01/2025,Late
MUMMY,03:07:55,11/01/2025,Late
MUMMY,03:07:55,11/01/2025,Late
MUMMY,03:07:56,11/01/2025,Late
MUMMY,03:07:56,11/01/2025,Late
MUMMY,03:07:57,11/01/2025,Late
MUMMY,03:07:57,11/01/2025,Late
MUMMY,03:07:58,11/01/2025,Late
MUMMY,03:07:58,11/01/2025,Late
MUMMY,03:07:59,11/01/2025,Late
